{"cameraMode":{"drawMode":0,"name":"Shaded","section":"Shading Mode"},"sceneLighting":true,"audioPlay":false,"sceneViewState":{"showFog":true,"showMaterialUpdate":false,"showSkybox":true,"showFlares":true,"showImageEffects":true,"showParticleSystems":true},"in2DMode":false,"pivot":{"x":0.3106119632720947,"y":-1.091489315032959,"z":-1.2333345413208008},"rotation":{"x":-0.11327415704727173,"y":0.11656245589256287,"z":-0.013382080011069775,"w":-0.9866119623184204},"size":10.0,"orthographic":false}