{"cameraMode":{"drawMode":0,"name":"Shaded","section":"Shading Mode"},"sceneLighting":true,"audioPlay":false,"sceneViewState":{"showFog":true,"showMaterialUpdate":false,"showSkybox":true,"showFlares":true,"showImageEffects":true,"showParticleSystems":true},"in2DMode":false,"pivot":{"x":-11.216814994812012,"y":-11.969593048095704,"z":-7.225980758666992},"rotation":{"x":0.28937458992004397,"y":-0.6382535099983215,"z":0.28182947635650637,"w":0.655337393283844},"size":22.0,"orthographic":false}