{"cameraMode":{"drawMode":0,"name":"Shaded","section":"Shading Mode"},"sceneLighting":true,"audioPlay":false,"sceneViewState":{"showFog":true,"showMaterialUpdate":true,"showSkybox":true,"showFlares":true,"showImageEffects":true,"showParticleSystems":true},"in2DMode":false,"pivot":{"x":-3.663024663925171,"y":-0.39291954040527346,"z":-1.6593284606933594},"rotation":{"x":0.09837587177753449,"y":-0.30389806628227236,"z":0.03156658634543419,"w":0.947085976600647},"size":6.770905017852783,"orthographic":false}