{"cameraMode":{"drawMode":0,"name":"Shaded","section":"Shading Mode"},"sceneLighting":true,"audioPlay":false,"sceneViewState":{"showFog":true,"showMaterialUpdate":true,"showSkybox":true,"showFlares":true,"showImageEffects":true,"showParticleSystems":true},"in2DMode":false,"pivot":{"x":16.17277717590332,"y":-2.858614206314087,"z":-9.311756134033204},"rotation":{"x":0.05998000502586365,"y":0.7685593366622925,"z":-0.07285335659980774,"w":0.6327806711196899},"size":22.0,"orthographic":false}