{"cameraMode":{"drawMode":0,"name":"Shaded","section":"Shading Mode"},"sceneLighting":true,"audioPlay":false,"sceneViewState":{"showFog":true,"showMaterialUpdate":true,"showSkybox":true,"showFlares":true,"showImageEffects":true,"showParticleSystems":true},"in2DMode":false,"pivot":{"x":-3.5941426753997804,"y":1.274985432624817,"z":-8.643610000610352},"rotation":{"x":0.030586160719394685,"y":0.2390325367450714,"z":-0.007534994278103113,"w":0.9705005288124085},"size":4.041658401489258,"orthographic":false}