{"cameraMode":{"drawMode":0,"name":"Shaded","section":"Shading Mode"},"sceneLighting":true,"audioPlay":false,"sceneViewState":{"showFog":true,"showMaterialUpdate":true,"showSkybox":true,"showFlares":true,"showImageEffects":true,"showParticleSystems":true},"in2DMode":false,"pivot":{"x":-2.961024284362793,"y":-2.2946548461914064,"z":1.9438390731811524},"rotation":{"x":0.20290561020374299,"y":-0.25089016556739809,"z":0.05386897176504135,"w":0.9449770450592041},"size":22.0,"orthographic":false}