{"cameraMode":{"drawMode":0,"name":"Shaded","section":"Shading Mode"},"sceneLighting":true,"audioPlay":false,"sceneViewState":{"showFog":true,"showMaterialUpdate":true,"showSkybox":true,"showFlares":true,"showImageEffects":true,"showParticleSystems":true},"in2DMode":false,"pivot":{"x":190.04566955566407,"y":627.812744140625,"z":-683.4909057617188},"rotation":{"x":0.07839011400938034,"y":0.35522574186325076,"z":-0.029909899458289148,"w":0.9310076236724854},"size":6.770905017852783,"orthographic":false}